id,title,overview,release_date,runtime,genres,production_companies,budget,revenue,popularity,vote_average,vote_count,status,poster_path,backdrop_path
912649,Venom: The Last Dance,"Eddie and Venom are on the run. Hunted by both of their worlds and with the net closing in, the duo are forced into a devastating decision that will bring the curtains down on Venom and Eddie's last dance.",2024-10-22,109,"Action, Science Fiction, Adventure","Columbia Pictures, Pascal Pictures, Matt Tolmach Productions, Hutch Parker Entertainment, Arad Productions",120000000,468513700,12656.263,6.6,1128,Released,https://image.tmdb.org/t/p/w500/aosm8NMQ3UyoBVpSxyimorCQykC.jpg,https://image.tmdb.org/t/p/w500/3V4kLQg0kSqPLctI5ziYWabAZYF.jpg
1241982,Moana 2,"After receiving an unexpected call from her wayfinding ancestors, Moana journeys alongside Maui and a new crew to the far seas of Oceania and into dangerous, long-lost waters for an adventure unlike anything she's ever faced.",2024-11-21,100,"Animation, Adventure, Family, Comedy","Walt Disney Pictures, Walt Disney Animation Studios, Walt Disney Animation Studios",150000000,600055655,4485.032,6.828,424,Released,https://image.tmdb.org/t/p/w500/yh64qw9mgXBvlaWDi7Q9tpUBAvH.jpg,https://image.tmdb.org/t/p/w500/tElnmtQ6yz1PjN1kePNl8yMSb59.jpg
1035048,Elevation,A single father and two women venture from the safety of their homes to face monstrous creatures to save the life of a young boy.,2024-11-07,91,"Action, Science Fiction, Thriller","Lyrical Media, Fuller Media, Inspire Entertainment, Grinder Monkey, John Glenn Entertainment",0,0,2554.883,6.4,126,Released,https://image.tmdb.org/t/p/w500/uQhYBxOVFU6s9agD49FnGHwJqG5.jpg,https://image.tmdb.org/t/p/w500/au3o84ub27qTZiMiEc9UYzN74V3.jpg
974453,Absolution,"An aging ex-boxer gangster working as muscle for a Boston crime boss receives an upsetting diagnosis.  Despite a faltering memory, he attempts to rectify the sins of his past and reconnect with his estranged children. He is determined to leave a positive legacy for his grandson, but the criminal underworld isn’t done with him and won’t loosen their grip willingly.",2024-10-31,112,"Action, Crime, Thriller","Electromagnetic Productions, Sculptor Media, north.five.six",30000000,0,1846.723,6.1,120,Released,https://image.tmdb.org/t/p/w500/cNtAslrDhk1i3IOZ16vF7df6lMy.jpg,https://image.tmdb.org/t/p/w500/nOoGIymGBNtA7AEN0B6nshSEQ1p.jpg
1299652,Watchmen: Chapter II,"Suspicious of the events ensnaring their former colleagues, Nite Owl and Silk Spectre are spurred out of retirement to investigate. As they grapple with personal ethics, inner demons and a society turned against them, they race the clock to uncover a deepening plot that might trigger global nuclear war.",2024-11-25,89,"Animation, Mystery, Science Fiction, Action","Warner Bros. Animation, DC Entertainment, Paramount Pictures",0,0,1439.232,7.7,42,Released,https://image.tmdb.org/t/p/w500/4rBObJFpiWJOG7aIlRrOUniAkBs.jpg,https://image.tmdb.org/t/p/w500/m2hs6YPVrzjvRC21SE9BeXtgqFW.jpg
1182387,Armor,"Armored truck security guard James Brody is working with his son Casey transporting millions of dollars between banks when a team of thieves led by Rook orchestrate a takeover of their truck to seize the riches. Following a violent car chase, Rook soon has the armored truck surrounded and James and Casey find themselves cornered onto a decrepit bridge.",2024-10-30,89,"Action, Crime, Thriller","Convergence Entertainment, TPC, BondIt Media Capital, Grindstone Entertainment Group",11500000,0,1423.925,5.6,54,Released,https://image.tmdb.org/t/p/w500/685wCHwr2kyQZxvThNIM04HuuCt.jpg,https://image.tmdb.org/t/p/w500/evFChfYeD2LqobEJf8iQsrYcGTw.jpg
957119,Sidelined: The QB and Me,"Dallas, a burdened but headstrong dancer, is determined to get into the best dance school in the country—her late mother’s alma mater. However, that dream is suddenly derailed when the cheeky yet secretly grieving football star, Drayton, crashes into her life with a unique story of his own. Will the two of them be able to grow into their dreams together, or will their dreams be sidelined?",2024-11-29,99,"Comedy, Romance, TV Movie","Great Pacific Media, Thunderbird Entertainment",0,0,1338.291,6.6,58,Released,https://image.tmdb.org/t/p/w500/hklQwv6QVoOp5bWyh1bjuF2ydyG.jpg,https://image.tmdb.org/t/p/w500/h3fwlwHotd3JfV13HdW0mxDcxPD.jpg
558449,Gladiator II,"Years after witnessing the death of the revered hero Maximus at the hands of his uncle, Lucius is forced to enter the Colosseum after his home is conquered by the tyrannical Emperors who now lead Rome with an iron fist. With rage in his heart and the future of the Empire at stake, Lucius must look to his past to find strength and honor to return the glory of Rome to its people.",2024-11-05,148,"Action, Adventure, History","Paramount Pictures, Scott Free Productions, Lucy Fisher/Douglas Wick Productions",310000000,368092895,1262.621,6.7,1008,Released,https://image.tmdb.org/t/p/w500/2cxhvwyEwRlysAmRH4iodkvo0z5.jpg,https://image.tmdb.org/t/p/w500/euYIwmwkmz95mnXvufEmbL6ovhZ.jpg
1147416,"Miraculous World, London: At the Edge of Time","To save the future from a terrible fate, Marinette becomes Chronobug and teams up with Bunnyx to defeat a mysterious opponent who travels through time. Who is this new supervillain, and why are they obsessed with exposing Marinette's secret superhero identity? Marinette's only hope is to defeat her new opponent to prevent the end of Ladybug and time itself!",2024-11-14,50,"Animation, Adventure, Action, Fantasy","Zagtoon, Method Animation",0,0,1219.844,8.7,31,Released,https://image.tmdb.org/t/p/w500/6AtoMpHvs9pxd30KsyK8QmJ9W9M.jpg,https://image.tmdb.org/t/p/w500/cBTwQKMd7Vn6rGTGBtoFLIfj7uM.jpg
1184918,The Wild Robot,"After a shipwreck, an intelligent robot called Roz is stranded on an uninhabited island. To survive the harsh environment, Roz bonds with the island's animals and cares for an orphaned baby goose.",2024-09-08,102,"Animation, Action, Science Fiction, Family",DreamWorks Animation,78000000,321836235,1147.165,8.396,3368,Released,https://image.tmdb.org/t/p/w500/wTnV3PCVW5O92JMrFvvrRcV39RU.jpg,https://image.tmdb.org/t/p/w500/mQZJoIhTEkNhCYAqcHrQqhENLdu.jpg
402431,Wicked,"In the land of Oz, ostracized and misunderstood green-skinned Elphaba is forced to share a room with the popular aristocrat Glinda at Shiz University, and the two's unlikely friendship is tested as they begin to fulfill their respective destinies as Glinda the Good and the Wicked Witch of the West.",2024-11-20,160,"Drama, Romance, Fantasy","Universal Pictures, Marc Platt Productions",150000000,455551000,1084.787,7.6,491,Released,https://image.tmdb.org/t/p/w500/xDGbZ0JJ3mYaGKy4Nzd9Kph6M9L.jpg,https://image.tmdb.org/t/p/w500/uVlUu174iiKhsUGqnOSy46eIIMU.jpg
1100782,Smile 2,"About to embark on a new world tour, global pop sensation Skye Riley begins experiencing increasingly terrifying and inexplicable events. Overwhelmed by the escalating horrors and the pressures of fame, Skye is forced to face her dark past to regain control of her life before it spirals out of control.",2024-10-16,127,"Horror, Mystery","Paramount Pictures, Temple Hill Entertainment, Bad Feeling",28000000,138038364,970.057,6.581,890,Released,https://image.tmdb.org/t/p/w500/ht8Uv9QPv9y7K0RvUyJIaXOZTfd.jpg,https://image.tmdb.org/t/p/w500/iR79ciqhtaZ9BE7YFA1HpCHQgX4.jpg
1118031,Apocalypse Z: The Beginning of the End,"When a kind of rabies that transforms people into aggressive creatures spreads across the planet, Manel isolates himself at home with his cat, relying on his wits to survive; but soon they must go out in search of food, by land and by sea, dodging many dangers.",2024-10-04,119,"Drama, Action, Horror",Nostromo Pictures,0,0,958.51,6.86,678,Released,https://image.tmdb.org/t/p/w500/wIGJnIFQlESkC2rLpfA8EDHqk4g.jpg,https://image.tmdb.org/t/p/w500/2fxnTXr8NwyTFkunkimJkGkhqfy.jpg
1034541,Terrifier 3,"Five years after surviving Art the Clown's Halloween massacre, Sienna and Jonathan are still struggling to rebuild their shattered lives. As the holiday season approaches, they try to embrace the Christmas spirit and leave the horrors of the past behind. But just when they think they're safe, Art returns, determined to turn their holiday cheer into a new nightmare. The festive season quickly unravels as Art unleashes his twisted brand of terror, proving that no holiday is safe.",2024-10-09,125,"Horror, Thriller","Cineverse, Bloody Disgusting, Dark Age Cinema, Fuzz on the Lens Productions, The Coven",2000000,89012340,922.731,6.8,1201,Released,https://image.tmdb.org/t/p/w500/ju10W5gl3PPK3b7TjEmVOZap51I.jpg,https://image.tmdb.org/t/p/w500/2ndyL4HjM9JLMqBSgbyCM57aMWl.jpg
945961,Alien: Romulus,"While scavenging the deep ends of a derelict space station, a group of young space colonizers come face to face with the most terrifying life form in the universe.",2024-08-13,119,"Horror, Science Fiction","20th Century Studios, Scott Free Productions, Brandywine Productions",80000000,350861031,917.605,7.2,2590,Released,https://image.tmdb.org/t/p/w500/b33nnKl1GSFbao4l3fZDDqsMx0F.jpg,https://image.tmdb.org/t/p/w500/iJaSpQNZ8GsqVDWfbCXmyZQXZ5l.jpg
933260,The Substance,"A fading celebrity decides to use a black market drug, a cell-replicating substance that temporarily creates a younger, better version of herself.",2024-09-07,141,"Horror, Science Fiction","Working Title Films, Blacksmith",17500000,54130377,900.139,7.3,2478,Released,https://image.tmdb.org/t/p/w500/lqoMzCcZYEFK729d6qzt349fB4o.jpg,https://image.tmdb.org/t/p/w500/7h6TqPB3ESmjuVbxCxAeB1c9OB1.jpg
533535,Deadpool & Wolverine,"A listless Wade Wilson toils away in civilian life with his days as the morally flexible mercenary, Deadpool, behind him. But when his homeworld faces an existential threat, Wade must reluctantly suit-up again with an even more reluctant Wolverine.",2024-07-24,128,"Action, Comedy, Science Fiction","Marvel Studios, Maximum Effort, 21 Laps Entertainment, 20th Century Studios, Kevin Feige Productions, TSG Entertainment",200000000,1338071348,893.759,7.668,5843,Released,https://image.tmdb.org/t/p/w500/8cdWjvZQUExUUTzyp4t6EDMubfO.jpg,https://image.tmdb.org/t/p/w500/dvBCdCohwWbsP5qAaglOXagDMtk.jpg
845781,Red One,"After Santa Claus (codename: Red One) is kidnapped, the North Pole's Head of Security must team up with the world's most infamous tracker in a globe-trotting, action-packed mission to save Christmas.",2024-10-31,124,"Action, Comedy, Fantasy","Seven Bucks Productions, The Detective Agency, Chris Morgan Productions, Metro-Goldwyn-Mayer",250000000,164592186,864.206,6.6,227,Released,https://image.tmdb.org/t/p/w500/cdqLnri3NEGcmfnqwk2TSIYtddg.jpg,https://image.tmdb.org/t/p/w500/rOmUuQEZfPXglwFs5ELLLUDKodL.jpg
1252470,Sikandar Ka Muqaddar,"After an unsolved diamond heist, a hard-nosed cop’s pursuit of his key suspect turns into obsession, until they finally face each other — and the truth.",2024-11-29,142,"Thriller, Crime, Mystery, Action",Friday Storytellers,0,0,799.859,5.4,7,Released,https://image.tmdb.org/t/p/w500/eWUh4rgxtgypgnOa6uGMnUt01ux.jpg,https://image.tmdb.org/t/p/w500/sv3clpwOSSZO1c8i9uX4zig6Lzz.jpg
791042,Levels,"After witnessing his girlfriend's murder, a man risks everything - including reality itself - to discover the truth.",2024-11-01,92,"Action, Science Fiction, Thriller","Farpoint Films, Middle Child Films Inc.",0,0,792.543,5.7,37,Released,https://image.tmdb.org/t/p/w500/y1xm0jMIlx9Oo2a3jWNyLGm43sJ.jpg,https://image.tmdb.org/t/p/w500/kwXycPsLA6SV3KUOagn343TtMOf.jpg
1022789,Inside Out 2,"Teenager Riley's mind headquarters is undergoing a sudden demolition to make room for something entirely unexpected: new Emotions! Joy, Sadness, Anger, Fear and Disgust, who’ve long been running a successful operation by all accounts, aren’t sure how to feel when Anxiety shows up. And it looks like she’s not alone.",2024-06-11,97,"Animation, Adventure, Comedy, Drama, Family","Walt Disney Pictures, Pixar",200000000,1698451580,740.187,7.6,4935,Released,https://image.tmdb.org/t/p/w500/vpnVM9B6NMmQpWeZvzLvDESb2QY.jpg,https://image.tmdb.org/t/p/w500/p5ozvmdgsmbWe0H8Xk7Rc8SCwAB.jpg
1171640,GTMAX,"When a notorious gang of bikers recruits her brother for a heist, a former motocross champion must face her deepest fears to keep her family safe.",2024-11-19,100,"Action, Crime, Drama","Inoxy Films, Versus Production",0,0,731.033,6.1,70,Released,https://image.tmdb.org/t/p/w500/bx92hl70NUhojjO3eV6LqKllj4L.jpg,https://image.tmdb.org/t/p/w500/liuBLPXvisMRo5w2JEKHXceWq5u.jpg
698687,Transformers One,"The untold origin story of Optimus Prime and Megatron, better known as sworn enemies, but once were friends bonded like brothers who changed the fate of Cybertron forever.",2024-09-11,104,"Animation, Science Fiction, Adventure, Family","Paramount Animation, di Bonaventura Pictures, DeSanto/Murphy Productions, Bay Films, New Republic Pictures, Hasbro Entertainment",75000000,128888103,725.848,8.1,844,Released,https://image.tmdb.org/t/p/w500/qbkAqmmEIZfrCO8ZQAuIuVMlWoV.jpg,https://image.tmdb.org/t/p/w500/uMXVeVL2v57lMv6pqBmegDHHPqz.jpg
1357633,Solo Leveling -ReAwakening-,"Over a decade after 'gates' connecting worlds appeared, awakening 'hunters' with superpowers, weakest hunter Sung Jinwoo encounters a double dungeon and accepts a mysterious quest, becoming the only one able to level up, changing his fate. A catch-up recap of the first season coupled with an exclusive sneak peek of the first two episodes of the highly anticipated second season in one momentous theatrical fan experience.",2024-11-26,116,"Action, Adventure, Fantasy, Animation","Aniplex, A-1 Pictures",0,4150341,676.182,7.9,5,Released,https://image.tmdb.org/t/p/w500/uzHMp5heVLR68kbbUEXFPsmxYsM.jpg,https://image.tmdb.org/t/p/w500/hlfu6g0h0D65SjkVhQBU20zePTl.jpg
519182,Despicable Me 4,"Gru and Lucy and their girls—Margo, Edith and Agnes—welcome a new member to the Gru family, Gru Jr., who is intent on tormenting his dad. Gru also faces a new nemesis in Maxime Le Mal and his femme fatale girlfriend Valentina, forcing the family to go on the run.",2024-06-20,94,"Animation, Family, Comedy, Action","Universal Pictures, Illumination, Universal Pictures Corporation, My Production to prove",100000000,969264325,658.26,7.079,2278,Released,https://image.tmdb.org/t/p/w500/wWba3TaojhK7NdycRhoQpsG0FaH.jpg,https://image.tmdb.org/t/p/w500/lgkPzcOSnTvjeMnuFzozRO5HHw1.jpg
995803,Arena Wars,"In 2045 convicted criminals are given the opportunity to compete on the world's #1 televised sporting event, Arena Wars. They must survive 7 rooms and 7 of the most vicious killers in the country. If they win, they regain their freedom.",2024-06-25,96,"Action, Science Fiction, Thriller, Comedy, Horror",Mahal Empire,0,0,632.149,5.4,31,Released,https://image.tmdb.org/t/p/w500/4dRtXjk1rcsZlaMJpBn6Nh9cTfO.jpg,https://image.tmdb.org/t/p/w500/5O0mkQGfOQM4OktFOCep9YmXK79.jpg
539972,Kraven the Hunter,"Kraven Kravinoff's complex relationship with his ruthless gangster father, Nikolai, starts him down a path of vengeance with brutal consequences, motivating him to become not only the greatest hunter in the world, but also one of its most feared.",2024-12-11,127,"Action, Adventure, Thriller","Columbia Pictures, Matt Tolmach Productions, Arad Productions",130000000,0,614.323,5.2,5,Released,https://image.tmdb.org/t/p/w500/i47IUSsN126K11JUzqQIOi1Mg1M.jpg,https://image.tmdb.org/t/p/w500/1ulX4rDlS97lbDi929PUrEi507V.jpg
1326059,Pimpinero: Blood and Oil,"When Juan, a young gasoline smuggler, is forced to work for a mysterious organization in the desert bordering Colombia and Venezuela, his girlfriend Diana embarks on a journey to uncover the secrets that inhabit this no-man’s-land.",2024-10-10,132,"Action, Crime, Drama",Dynamo,0,0,608.426,7.242,31,Released,https://image.tmdb.org/t/p/w500/kukotsflOSVGXQezuXohj41dbfL.jpg,https://image.tmdb.org/t/p/w500/r4Xn4eWOyxye8m3dR80I8TPhfE5.jpg
1106739,Juror #2,"While serving as a juror in a high profile murder trial, family man Justin Kemp finds himself struggling with a serious moral dilemma…one he could use to sway the jury verdict and potentially convict—or free—the accused killer.",2024-10-30,114,"Crime, Drama","Warner Bros. Pictures, Malpaso Productions, Dichotomy Films",30000000,18791698,574.153,7.0,579,Released,https://image.tmdb.org/t/p/w500/ugQkpGajKFQ8eyOEhGheR0HfWQ.jpg,https://image.tmdb.org/t/p/w500/9Qq8InnodUYs8zdam8Zj967i6RO.jpg
1124641,Classified,"Operating alone in the field for more than 20 years, a CIA hitman uses the ""Help Wanted"" section of the newspapers to get his orders from the Agency. His long-lost daughter, now a UK MI6 analyst, tracks him down to deliver shocking news: his CIA boss has been dead for years and the division long since shut down. Together, they set out to discover whose orders he's been executing.",2024-09-19,105,"Action, Thriller","Film Bridge International, Great Point Media, Filmology Finance",0,0,549.868,5.849,93,Released,https://image.tmdb.org/t/p/w500/3k8jv1kSAAc0rCfFGtWDDQL4dfK.jpg,https://image.tmdb.org/t/p/w500/1FBHAQnq7Bs3djBmaNkfdVbnCUE.jpg
1097870,Dear Santa,"Likeable 6th grader Liam writes to Santa asking him to prove that he's real. But Liam is dyslexic and accidentally sends his letter to Satan instead, who shows up at Liam's house, excited to have his first fanboy letter and wanting a little of Liam's soul.",2024-11-24,108,"Comedy, Fantasy, Horror","Paramount Pictures, Farrelly Brothers, Kraymation Films",0,0,539.202,6.631,111,Released,https://image.tmdb.org/t/p/w500/fRbDHbGBXg6kwQYr3CRYeKPJW5q.jpg,https://image.tmdb.org/t/p/w500/yYQDu8yX2zZaCa1hUWD24jq3JRu.jpg
592983,Spellbound,"When a powerful spell turns her parents into giant monsters, a teenage princess must journey into the wild to reverse the curse before it's too late.",2024-11-22,111,"Animation, Fantasy, Family, Adventure, Comedy","Skydance Media, Skydance Animation, Skydance Animation",0,0,538.536,6.757,136,Released,https://image.tmdb.org/t/p/w500/xFSIygDiX70Esp9dheCgGX0Nj77.jpg,https://image.tmdb.org/t/p/w500/n4ycOGj2tRLfINTJQ3wl0vNYqpR.jpg
1165466,Wake Up,"A group of young activists set out to make an environmental statement by vandalizing a home superstore as it closes. But their plan goes terribly wrong when they become trapped inside and must face a deranged security guard with a gruesome passion for primitive hunting. As the night fills with violence and terror, the teenagers find themselves in a desperate fight for their lives.",2024-05-08,80,"Horror, Thriller, Action","StudioCanal, Borsalino Productions, WAG Prod, Fasten Films",0,251071,518.841,7.357,70,Released,https://image.tmdb.org/t/p/w500/erEAU7ygq2XFjziI3FpAdMajJFZ.jpg,https://image.tmdb.org/t/p/w500/5PuM2lWFRVLZbyzErGVd8qHi55p.jpg
1154223,Hunting With Tigers,"Malik, a young Parisian hustler, discovers that his stepfather Serge, a famous bank robber, has been arrested along with his accomplices. During the trial, Iris, one of the accused's lawyers, Chérif, requests Malik to accept a dangerous heist in exchange for Serge and her client's liberty. Malik must convince and reunite Chérif's former partners to accomplish this high-risk stickup.",2024-11-22,109,"Action, Thriller","Cheyenne Federation, Amazon Studios France",0,0,511.398,6.192,26,Released,https://image.tmdb.org/t/p/w500/vb6qzT0egUPHcmUwusPNl9j943p.jpg,https://image.tmdb.org/t/p/w500/4gQzCQqqY6fsDU3gtz45tdGztJp.jpg
1010581,My Fault,"Noah must leave her city, boyfriend, and friends to move into William Leister's mansion, the flashy and wealthy husband of her mother Rafaela. As a proud and independent 17 year old, Noah resists living in a mansion surrounded by luxury. However, it is there where she meets Nick, her new stepbrother, and the clash of their strong personalities becomes evident from the very beginning.",2023-06-08,117,"Romance, Drama","Pokeepsie Films, Amazon Studios",0,0,501.948,7.917,3095,Released,https://image.tmdb.org/t/p/w500/w46Vw536HwNnEzOa7J24YH9DPRS.jpg,https://image.tmdb.org/t/p/w500/lntyt4OVDbcxA1l7LtwITbrD3FI.jpg
1196470,Survive,A couple celebrates their son’s birthday in the middle of the ocean on their boat. A violent storm hits and it brings up hungry creatures from the depths and they fight for their survival.,2024-06-19,90,"Thriller, Adventure, Action, Science Fiction","M.E.S. Productions, Monkey Pack Films, C8 Films",5270000,0,501.462,5.9,72,Released,https://image.tmdb.org/t/p/w500/7fR3KxswtY8OHHZuOUB9td58CRX.jpg,https://image.tmdb.org/t/p/w500/csQSGH0QU8D3Ov5YLEYuHep8ihA.jpg
1051896,Arcadian,"In the near future, on a decimated Earth, Paul and his twin sons face terror at night when ferocious creatures awaken. When Paul is nearly killed, the boys come up with a plan for survival, using everything their father taught them to keep him alive.",2024-04-12,92,"Action, Horror, Thriller, Science Fiction","Highland Film Group, Redline Entertainment, Wild Atlantic Pictures, Aperture Media Partners, Saturn Films",0,859453,498.238,6.127,481,Released,https://image.tmdb.org/t/p/w500/spWV1eRzlDxvai8LbxwAWR0Vst4.jpg,https://image.tmdb.org/t/p/w500/9s9o9RT9Yj6nDuRJjnJm78WFoFl.jpg
1029235,Azrael,"In a world where no one speaks, a devout female hunts down a young woman who has escaped her imprisonment. Recaptured by its ruthless leaders, Azrael is due to be sacrificed to pacify an ancient evil deep within the surrounding wilderness.",2024-09-27,86,"Action, Horror, Thriller","C2 Motion Picture Group, Homeless Bob Production, Traffic.",12000000,631272,496.023,6.035,143,Released,https://image.tmdb.org/t/p/w500/qpdFKDvJS7oLKTcBLXOaMwUESbs.jpg,https://image.tmdb.org/t/p/w500/uLqNGzJwnj8JKkKuRM2dHWJKCtc.jpg
360920,The Grinch,The Grinch hatches a scheme to ruin Christmas when the residents of Whoville plan their annual holiday celebration.,2018-11-08,85,"Animation, Family, Comedy, Fantasy","Illumination, Dr. Seuss Enterprises, Universal Animation Studios",75000000,508600000,477.459,6.864,3944,Released,https://image.tmdb.org/t/p/w500/smxA8yvZ0LzDPer9BIRd4pyOpx1.jpg,https://image.tmdb.org/t/p/w500/5lWIYxYEqWi8j3ZloxXntw3ImBo.jpg
645757,That Christmas,It's an unforgettable Christmas for the townsfolk of Wellington-on-Sea when the worst snowstorm in history alters everyone's plans — including Santa's.,2024-11-27,91,"Animation, Comedy, Family, Fantasy, Adventure","Locksmith Animation, DNEG",0,0,471.257,7.571,70,Released,https://image.tmdb.org/t/p/w500/bX6dx2U4hOk1esI7mYwtD3cEKdC.jpg,https://image.tmdb.org/t/p/w500/rWs3Q9bT7zCH6t004z67UGuWUwu.jpg
1108427,Moana,"In Ancient Polynesia, when a terrible curse incurred by Maui reaches the island of an impetuous Chieftain, his willful daughter answers the Ocean's call to seek out the demigod to set things right.  Live-action adaptation of the 2016 Disney animated film 'Moana'",2026-07-09,0,"Adventure, Comedy, Family, Fantasy","Walt Disney Pictures, Seven Bucks Productions, Flynn Picture Company",0,0,450.513,0.0,0,Post Production,https://image.tmdb.org/t/p/w500/ys0jZr0quHERDUEoCboGQEKPvgQ.jpg,
1084863,The Soul Eater,"When the disappearance of children and bloody murders multiply in a small mountain village, an old legend shrouded in sulphur reappears... Commander Guardiano and Captain of the Gendarmerie De Rolan are forced to join forces to uncover the truth.",2024-04-24,111,"Thriller, Horror, Crime, Mystery","Phase 4 Productions, Place du Marché Productions, uMedia, Star Invest Films Production, Région Grand Est, Amazon Studios France, OCS, uFund, France Télévisions, Palatine Étoile 8, SG Image 2021, Conseil Département Du Loir-Et-Cher, CNC, WTFilms",3500000,864825,445.839,6.2,84,Released,https://image.tmdb.org/t/p/w500/8XsQVmGQukwIVDM88Aa0C7L5hCp.jpg,https://image.tmdb.org/t/p/w500/5NGeHV2z8EByT3P23D471nSPjGS.jpg
1252309,Pídeme lo que quieras,"After his father's death, Eric Zimmerman travels to Spain to oversee his company's branches. In Madrid, he falls for Judith and engage in an intense, erotic relationship full of exploration. However, Eric fears his secret may end their affair.",2024-11-29,0,"Romance, Drama","Versus Entertainment, LyO Media, Warner Bros. Entertainment España, 4 Cats Pictures",0,0,430.689,8.4,4,Released,https://image.tmdb.org/t/p/w500/76qnVxU2rPdVvipBN3DPQH6fVYB.jpg,
1100099,We Live in Time,"An up-and-coming chef and a recent divorcée find their lives forever changed when a chance encounter brings them together, in a decade-spanning, deeply moving romance.",2024-10-10,108,"Romance, Drama","Film4 Productions, SunnyMarch, Shoebox Films, StudioCanal",20000000,31818409,402.325,7.6,191,Released,https://image.tmdb.org/t/p/w500/oeDNBgnlGF6rnyX1P1K8Vl2f3lW.jpg,https://image.tmdb.org/t/p/w500/4t8IXJF4umwCfbdpeKLvlN3zkKp.jpg
762509,Mufasa: The Lion King,"Rafiki relays the legend of Mufasa to lion cub Kiara, daughter of Simba and Nala, with Timon and Pumbaa lending their signature schtick. Told in flashbacks, the story introduces Mufasa as an orphaned cub, lost and alone until he meets a sympathetic lion named Taka—the heir to a royal bloodline. The chance meeting sets in motion a journey of misfits searching for their destiny and working together to evade a threatening and deadly foe.",2024-12-18,118,"Adventure, Family, Drama, Animation",Walt Disney Pictures,0,0,398.344,0.0,0,Released,https://image.tmdb.org/t/p/w500/lurEK87kukWNaHd0zYnsi3yzJrs.jpg,https://image.tmdb.org/t/p/w500/c6nouvFYnmNO50WQDLcKMI3p0jA.jpg
1014505,OVERLORD: The Sacred Kingdom,"After twelve years of playing his favorite MMORPG game, Momonga logs in for the last time only to find himself transported into its world playing it indefinitely. Throughout his adventures, his avatar ascends to the title of Sorcerer King Ains Ooal Gown. Once prosperous but now on the brink of ruin, The Sacred Kingdom enjoyed years of peace after construction of an enormous wall protecting them from neighboring invasions. But, one day this comes to an end when the Demon Emperor Jaldabaoth arrives with an army of villainous demi-humans. Fearing invasion of their own lands, the neighboring territory of the Slane Theocracy is forced to beg their enemies at the Sorcerer Kingdom for help. Heeding the call, Momonga, now known as the Sorcerer King Ains Ooal Gown, rallies the Sorcerer Kingdom and its undead army to join the fight alongside the Sacred Kingdom and the Slane Theocracy in hopes to defeat the Demon Emperor.",2024-09-20,134,"Action, Adventure, Animation, Fantasy","KADOKAWA, Madhouse, Bit grooove promotion",0,7484876,387.572,7.886,22,Released,https://image.tmdb.org/t/p/w500/jEvytxNa5mfW7VAUmDWsZtIdATc.jpg,https://image.tmdb.org/t/p/w500/hkJhGayONXn96CqIRM9GhWKnlCf.jpg
8871,How the Grinch Stole Christmas,The Grinch decides to rob Whoville of Christmas - but a dash of kindness from little Cindy Lou Who and her family may be enough to melt his heart...,2000-11-17,104,"Family, Comedy, Fantasy","Universal Pictures, Imagine Entertainment, LUNI Productions",123000000,345800000,387.314,6.765,7419,Released,https://image.tmdb.org/t/p/w500/AmUs3hximCKa90sHuIRr5Bz8ci5.jpg,https://image.tmdb.org/t/p/w500/sy0vo1cmpKqwPRiMUiJ45jyLsX7.jpg
1100856,Whisper of the Witch,"Mara, an ancient pagan spirit, hunts a group of teenagers taking their body parts to be reborn. A disillusioned and desperate investigator has to face his deepest fears to save the teenagers.",2024-06-13,90,"Horror, Thriller",KD Studios,0,0,382.56,6.8,12,Released,https://image.tmdb.org/t/p/w500/raDMchyq3dJMqso2TVh75A123Xb.jpg,https://image.tmdb.org/t/p/w500/xPVhaMMUZq1yclf4kCEYwJ1Cqr6.jpg
1331375,Dominique,"Dominique, a well-trained assassin, flees from her troubled past in an attempt to begin a new life in South America. However, she soon finds herself in a town plagued with violence and corruption. Facing brutal attacks from the police and mafia, Dominique must decide whether to protect herself or an innocent family that has taken her in.",2024-10-11,94,"Action, Thriller","Green Dog Films, Reigning Entertainment, Orlan Films, Ágora Films",0,0,380.469,7.6,71,Released,https://image.tmdb.org/t/p/w500/jvug7Esd89yNLJwGvUfeQ9j69cE.jpg,https://image.tmdb.org/t/p/w500/vSBnSdEllJPMBniDh1eSqNHS5Mk.jpg
1064028,Subservience,"With his wife out sick, a struggling father brings home a lifelike AI, only to have his self-aware new help want everything her new family has to offer... Like the affection of her owner and she'll kill to get it.",2024-08-15,105,"Science Fiction, Thriller, Horror","Millennium Media, Campbell Grobman Films, XYZ Films",4400000,262793,379.934,6.7,362,Released,https://image.tmdb.org/t/p/w500/gBenxR01Uy0Ev9RTIw6dVBPoyQU.jpg,https://image.tmdb.org/t/p/w500/co7oxvpWxgd6FZU24DnljDDHYQA.jpg
1084736,The Count of Monte-Cristo,"Edmond Dantes becomes the target of a sinister plot and is arrested on his wedding day for a crime he did not commit. After 14 years in the island prison of Château d’If, he manages a daring escape. Now rich beyond his dreams, he assumes the identity of the Count of Monte-Cristo and exacts his revenge on the three men who betrayed him.",2024-06-28,178,"Action, Adventure, Drama, History, Romance, Thriller","Chapter 2, Fargo Films, Pathé, M6 Films",46700000,74885636,378.959,8.2,950,Released,https://image.tmdb.org/t/p/w500/7O0WDGsa4lBzqv3uaB1tp8UvFK3.jpg,https://image.tmdb.org/t/p/w500/llIXQAndg5kB6SWlp6ouUdO7Zxd.jpg
573435,Bad Boys: Ride or Die,"After their late former Captain is framed, Lowrey and Burnett try to clear his name, only to end up on the run themselves.",2024-06-05,115,"Action, Comedy","Westbrook, Columbia Pictures, Don Simpson/Jerry Bruckheimer Films, 2.0 Entertainment",100000000,404516167,370.304,7.5,2420,Released,https://image.tmdb.org/t/p/w500/oGythE98MYleE6mZlGs5oBGkux1.jpg,https://image.tmdb.org/t/p/w500/tncbMvfV0V07UZozXdBEq4Wu9HH.jpg
482600,Japanese Mom,"""Innocent face, D-cup breasts and perfect intercourse skills! Son, this is not your girlfriend anymore but your mother!""  Ki-ho brings Yuki from Japan to marry her. However, he starts cheating on her with his ex-girlfriend in Korea.  Min-cheol comforted Yuki and thought of her as his daughter-in-law, but one day he realizes he is looking at her as a woman.  In the end, Yuki and Min-cheol have intercourse without Ki-ho knowing...",2017-02-09,91,"Romance, Drama",,0,0,364.704,6.2,28,Released,https://image.tmdb.org/t/p/w500/hq1EaYIqUNrPM3QFYAbnH2UHoX8.jpg,
365177,Borderlands,"Returning to her home planet, an infamous bounty hunter forms an unexpected alliance with a team of unlikely heroes. Together, they battle monsters and dangerous bandits to protect a young girl who holds the key to unimaginable power.",2024-08-07,101,"Action, Science Fiction, Comedy","Lionsgate, Arad Productions, Picturestart, Gearbox Studios, 2K, Hercules Film Fund",115000000,32978510,362.143,5.8,849,Released,https://image.tmdb.org/t/p/w500/3NPUQ6Ywayb5ES2IP1HWrDRt1Gc.jpg,https://image.tmdb.org/t/p/w500/mKOBdgaEFguADkJhfFslY7TYxIh.jpg
772,Home Alone 2: Lost in New York,"Instead of flying to Florida with his folks, Kevin ends up alone in New York, where he gets a hotel room with his dad's credit card—despite problems from a clerk and meddling bellboy. But when Kevin runs into his old nemeses, the Wet Bandits, he's determined to foil their plans to rob a toy store on Christmas Eve.",1992-11-15,120,"Comedy, Family, Adventure","20th Century Fox, Hughes Entertainment",18000000,358994850,360.651,6.7,9559,Released,https://image.tmdb.org/t/p/w500/uuitWHpJwxD1wruFl2nZHIb4UGN.jpg,https://image.tmdb.org/t/p/w500/kjby7cr8JnIPkfqMGKutOFrM2at.jpg
639720,IF,"After discovering she can see everyone's imaginary friends, a girl embarks on a magical adventure to reconnect forgotten imaginary friends with their kids.",2024-05-08,104,"Comedy, Fantasy, Family","Paramount Pictures, Sunday Night Productions, Maximum Effort",110000000,190309707,354.319,7.3,1058,Released,https://image.tmdb.org/t/p/w500/xbKFv4KF3sVYuWKllLlwWDmuZP7.jpg,https://image.tmdb.org/t/p/w500/nxxCPRGTzxUH8SFMrIsvMmdxHti.jpg
823219,Flow,"A solitary cat, displaced by a great flood, finds refuge on a boat with various species and must navigate the challenges of adapting to a transformed world together.",2024-08-29,85,"Animation, Fantasy, Adventure","Dream Well Studio, Sacrebleu Productions, Take Five, ARTE France Cinéma, RTBF",3500000,4099084,351.307,8.5,365,Released,https://image.tmdb.org/t/p/w500/enRimDhtFfb7hNTQlOjrgK8O8UO.jpg,https://image.tmdb.org/t/p/w500/b3mdmjYTEL70j7nuXATUAD9qgu4.jpg
1116490,Cash Out,"Criminal mastermind Mason is about to execute the score of a lifetime when his lover and key member of his crew, Decker, takes the team down and reveals she’s an undercover Interpol agent. Heartbroken, Mason escapes and retires from the life of crime until his younger brother Shawn is out of his league taking on a big bank heist all on his own. Mason has no choice left but to come to the rescue, while Interpol brings Decker in hoping to unnerve him. Before the SWAT teams storm the bank, Mason must use every tool in his arsenal to not only escape with the prize, but also the love of his life.",2024-04-26,90,"Action, Thriller","Convergence Entertainment, BondIt Media Capital, Transparency Media, Streamline Global",0,0,350.997,6.347,137,Released,https://image.tmdb.org/t/p/w500/xBJnIvRdL0nDHgvivr6EgBQizes.jpg,https://image.tmdb.org/t/p/w500/6VoxDupaW2VXfLtJyeOoGCgXSjD.jpg
839033,The Lord of the Rings: The War of the Rohirrim,"183 years before the events chronicled in the original trilogy, a sudden attack by Wulf, a clever and ruthless Dunlending lord seeking vengeance for the death of his father, forces Helm Hammerhand and his people to make a daring last stand in the ancient stronghold of the Hornburg. Finding herself in an increasingly desperate situation, Héra, the daughter of Helm, must summon the will to lead the resistance against a deadly enemy intent on their total destruction.",2024-12-05,134,"Animation, Fantasy","New Line Cinema, Warner Bros. Animation, Sola Entertainment, Middle-earth Enterprises, WingNut Films",0,0,345.151,7.1,17,Released,https://image.tmdb.org/t/p/w500/qXKFlGX9n66zd4q0oWztPuvRD9D.jpg,https://image.tmdb.org/t/p/w500/4ZXzO32rKk5bSoDZA6KpTzVJA.jpg
299536,Avengers: Infinity War,"As the Avengers and their allies have continued to protect the world from threats too large for any one hero to handle, a new danger has emerged from the cosmic shadows: Thanos. A despot of intergalactic infamy, his goal is to collect all six Infinity Stones, artifacts of unimaginable power, and use them to inflict his twisted will on all of reality. Everything the Avengers have fought for has led up to this moment - the fate of Earth and existence itself has never been more uncertain.",2018-04-25,149,"Adventure, Action, Science Fiction",Marvel Studios,300000000,2052415039,342.224,8.2,29791,Released,https://image.tmdb.org/t/p/w500/7WsyChQLEftFiDOVTGkv3hFpyyt.jpg,https://image.tmdb.org/t/p/w500/mDfJG3LC3Dqb67AZ52x3Z0jU0uB.jpg
580489,Venom: Let There Be Carnage,"After finding a host body in investigative reporter Eddie Brock, the alien symbiote must face a new enemy, Carnage, the alter ego of serial killer Cletus Kasady.",2021-09-30,97,"Science Fiction, Action, Adventure","Columbia Pictures, Pascal Pictures, Matt Tolmach Productions, Arad Productions",110000000,506863592,341.095,6.8,10268,Released,https://image.tmdb.org/t/p/w500/1MJNcPZy46hIy2CmSqOeru0yr5C.jpg,https://image.tmdb.org/t/p/w500/vIgyYkXkg6NC2whRbYjBD7eb3Er.jpg
857598,Pushpa 2 - The Rule,"Pushpa struggles to sustain his sandalwood smuggling business in the face of tough opposition from the police, led by Shekhawat.",2024-12-04,198,"Crime, Action, Thriller","Mythri Movie Makers, Sukumar Writings",63000000,99000000,341.047,6.6,12,Released,https://image.tmdb.org/t/p/w500/V4aykdOsre8Ev9miiGbcbAqfhe.jpg,https://image.tmdb.org/t/p/w500/keC82cQ8q0ZHthrbvzWq04kGnbv.jpg
972614,Knox Goes Away,"A contract killer, after being diagnosed with a fast-moving form of dementia, is presented with the opportunity to redeem himself by saving the life of his estranged adult son. But to do so, he must race against the police closing in on him as well as the ticking clock of his own rapidly deteriorating mind.",2024-03-15,114,"Crime, Thriller, Action","Brookstreet Pictures, TPC, Sugar23, FilmNation Entertainment",0,0,340.279,6.9,274,Released,https://image.tmdb.org/t/p/w500/w39qKYjltCix18BwtoZ1e45usdb.jpg,https://image.tmdb.org/t/p/w500/2NPhBHfzhEmXl8csQ2dKmoxfj5e.jpg
1296753,Remnant,"Grace is a young woman whose life has been turned upside down by tragedy. When she returns home to the family farm to rebuild her shattered life, her world begins to unravel as a series of strange events haunt her, pushing Grace to the edge of madness. A mysterious figure lurks in the shadows and a ghostly woman appears in the darkness of night. Is Grace imagining these apparitions, or are they a warning of a nightmare still to come?",2024-06-30,112,"Science Fiction, Horror, Thriller","Cyfuno Ventures, Outlaw Films",0,0,339.275,3.3,3,Released,https://image.tmdb.org/t/p/w500/nsdnZqEVBhlNoBFy7iGBbtS9sbp.jpg,https://image.tmdb.org/t/p/w500/25PLE3shXYs1GTdjUNnmu8ppnl8.jpg
1208808,The Haunting Of The Immaculate Nurse,"A young nurse with a past of family violence starts working the night shift at a small hospital, where during the night a ghost nurse materializes.",2024-10-31,107,Horror,"Sony Pictures International Productions, EFICINE 189",0,0,335.286,4.3,3,Released,https://image.tmdb.org/t/p/w500/qFPSQLIb922GT0pRsesu3sEwN91.jpg,https://image.tmdb.org/t/p/w500/1GvpaPWb5pjXE8FOCYpzLJSeAoK.jpg
354912,Coco,"Despite his family’s baffling generations-old ban on music, Miguel dreams of becoming an accomplished musician like his idol, Ernesto de la Cruz. Desperate to prove his talent, Miguel finds himself in the stunning and colorful Land of the Dead following a mysterious chain of events. Along the way, he meets charming trickster Hector, and together, they set off on an extraordinary journey to unlock the real story behind Miguel's family history.",2017-10-27,105,"Family, Animation, Music, Adventure","Pixar, Walt Disney Pictures",175000000,807816196,324.72,8.2,19514,Released,https://image.tmdb.org/t/p/w500/gGEsBPAijhVUFoiNpgZXqRVWJt2.jpg,https://image.tmdb.org/t/p/w500/askg3SMvhqEl4OL52YuvdtY40Yb.jpg
978796,Bagman,"For centuries and across cultures, parents have warned their children of the legendary Bagman, who snatches innocent children and stuffs them into his vile, rotting bag—never to be seen again. Patrick McKee narrowly escaped such an encounter as a boy, which left him with lasting scars throughout his adulthood. Now, Patrick’s childhood tormentor has returned, threatening the safety of his wife Karina and son Jake.",2024-09-20,92,"Horror, Thriller","Lionsgate, Temple Hill Entertainment, Media Capital Technologies",14500000,0,322.713,6.2,107,Released,https://image.tmdb.org/t/p/w500/hzrvol8K2VWm2BsDTwb8YvRMzIH.jpg,https://image.tmdb.org/t/p/w500/qQ8hhbi36CmFwQSi9vEqu06yJX0.jpg
957452,The Crow,"Soulmates Eric and Shelly are brutally murdered when the demons of her dark past catch up with them. Given the chance to save his true love by sacrificing himself, Eric sets out to seek merciless revenge on their killers, traversing the worlds of the living and the dead to put the wrong things right.",2024-08-21,111,"Action, Fantasy, Horror","Davis Films, Pressman Film, Hassell Free Production, The Electric Shadow Company, 30WEST, Ashland Hill Media Finance, FilmNation Entertainment, Maze Pictures, Occupant Entertainment",50000000,24008667,322.177,5.9,794,Released,https://image.tmdb.org/t/p/w500/58QT4cPJ2u2TqWZkterDq9q4yxQ.jpg,https://image.tmdb.org/t/p/w500/Asg2UUwipAdE87MxtJy7SQo08XI.jpg
939243,Sonic the Hedgehog 3,"Sonic, Knuckles, and Tails reunite against a powerful new adversary, Shadow, a mysterious villain with powers unlike anything they have faced before. With their abilities outmatched in every way, Team Sonic must seek out an unlikely alliance in hopes of stopping Shadow and protecting the planet.",2024-12-19,110,"Adventure, Comedy, Family, Science Fiction, Action","Paramount Pictures, Original Film, Marza Animation Planet, SEGA, Blur Studio",0,1377009,320.969,0.0,0,Post Production,https://image.tmdb.org/t/p/w500/d8Ryb8AunYAuycVKDp5HpdWPKgC.jpg,https://image.tmdb.org/t/p/w500/18iGjkavP8KLfyU3Ifkp9s2bSvD.jpg
1156593,Culpa tuya,The love between Noah and Nick seems unwavering despite their parents' attempts to separate them. But his job and her entry into college open up their lives to new relationships that will shake the foundations of both their relationship and the Leister family itself.,2024-12-26,0,"Drama, Romance","Pokeepsie Films, Amazon MGM Studios",0,0,315.641,0.0,0,Post Production,https://image.tmdb.org/t/p/w500/6kYDG8Imfhph2duBYZeYksHgx7L.jpg,https://image.tmdb.org/t/p/w500/cI3nL7CgGmPr0CizCwFHBpDkKyB.jpg
787699,Wonka,"Willy Wonka – chock-full of ideas and determined to change the world one delectable bite at a time – is proof that the best things in life begin with a dream, and if you’re lucky enough to meet Willy Wonka, anything is possible.",2023-12-06,117,"Comedy, Family, Fantasy","Warner Bros. Pictures, Village Roadshow Pictures, The Roald Dahl Story Company, Heyday Films, Domain Entertainment",125000000,632302312,314.608,7.1,3536,Released,https://image.tmdb.org/t/p/w500/qhb1qOilapbapxWQn9jtRCMwXJF.jpg,https://image.tmdb.org/t/p/w500/yOm993lsJyPmBodlYjgpPwBjXP9.jpg
1125510,The Platform 2,"After a mysterious leader imposes his law in a brutal system of vertical cells, a new arrival battles against a dubious food distribution method.",2024-09-27,100,"Science Fiction, Horror",Basque Films,0,0,313.987,5.6,921,Released,https://image.tmdb.org/t/p/w500/hf94ySIzdP3KwHau9VSWh7b7Qu2.jpg,https://image.tmdb.org/t/p/w500/epQfhIcfqWgrMhRvnxkVm7EeEpE.jpg
1371727,Sing: Thriller,"Buster Moon dreams up a star-studded spectacle set to Michael Jackson's ""Thriller"" in this animated short featuring characters from the hit ""Sing"" films.",2024-10-16,11,"Animation, Family, Comedy",Illumination,0,0,309.146,7.4,116,Released,https://image.tmdb.org/t/p/w500/i77OInTKcrnRlAozFOaB6D5mk15.jpg,https://image.tmdb.org/t/p/w500/m1MifWpNjOU1g8UfIyNSI2dMFZf.jpg
786892,Furiosa: A Mad Max Saga,"As the world falls, young Furiosa is snatched from the Green Place of Many Mothers into the hands of a great biker horde led by the warlord Dementus. Sweeping through the wasteland, they encounter the citadel presided over by Immortan Joe. The two tyrants wage war for dominance, and Furiosa must survive many trials as she puts together the means to find her way home.",2024-05-22,149,"Action, Science Fiction, Adventure","Warner Bros. Pictures, Kennedy Miller Mitchell, Domain Entertainment",170000000,173775791,303.991,7.5,3524,Released,https://image.tmdb.org/t/p/w500/iADOJ8Zymht2JPMoy3R7xceZprc.jpg,https://image.tmdb.org/t/p/w500/wNAhuOZ3Zf84jCIlrcI6JhgmY5q.jpg
569094,Spider-Man: Across the Spider-Verse,"After reuniting with Gwen Stacy, Brooklyn’s full-time, friendly neighborhood Spider-Man is catapulted across the Multiverse, where he encounters the Spider Society, a team of Spider-People charged with protecting the Multiverse’s very existence. But when the heroes clash on how to handle a new threat, Miles finds himself pitted against the other Spiders and must set out on his own to save those he loves most.",2023-05-31,140,"Animation, Action, Adventure, Science Fiction","Columbia Pictures, Sony Pictures Animation, Lord Miller, Pascal Pictures, Arad Productions, Marvel Entertainment",100000000,690897910,301.999,8.354,7037,Released,https://image.tmdb.org/t/p/w500/8Vt6mWEReuy4Of61Lnj5Xj704m8.jpg,https://image.tmdb.org/t/p/w500/kVd3a9YeLGkoeR50jGEXM6EqseS.jpg
335983,Venom,"Investigative journalist Eddie Brock attempts a comeback following a scandal, but accidentally becomes the host of Venom, a violent, super powerful alien symbiote. Soon, he must rely on his newfound powers to protect the world from a shadowy organization looking for a symbiote of their own.",2018-09-28,112,"Science Fiction, Action","Matt Tolmach Productions, Pascal Pictures, Marvel Entertainment, Tencent Pictures, Arad Productions, Columbia Pictures",116000000,856085151,301.84,6.834,16069,Released,https://image.tmdb.org/t/p/w500/2uNW4WbgBXL25BAbXGLnLqX71Sw.jpg,https://image.tmdb.org/t/p/w500/VuukZLgaCrho2Ar8Scl9HtV3yD.jpg
1234811,Our Little Secret,"After discovering their significant others are siblings, two resentful exes must spend Christmas under one roof — while hiding their romantic history.",2024-11-27,101,"Romance, Comedy, Drama","Capital Arts Entertainment, Good Entertainment",0,0,301.555,6.358,250,Released,https://image.tmdb.org/t/p/w500/7isqmWUryG2xksrw0E75m3vYTFd.jpg,https://image.tmdb.org/t/p/w500/a5OqX7uXb8MI0WB3HbCyA0Wn3gI.jpg
917496,Beetlejuice Beetlejuice,"After a family tragedy, three generations of the Deetz family return home to Winter River. Still haunted by Betelgeuse, Lydia's life is turned upside down when her teenage daughter, Astrid, accidentally opens the portal to the Afterlife.",2024-09-04,105,"Comedy, Fantasy, Horror","Warner Bros. Pictures, Geffen Pictures, Plan B Entertainment, Tim Burton Productions, Domain Entertainment, Tommy Harper Productions",100000000,451072781,301.459,7.142,1961,Released,https://image.tmdb.org/t/p/w500/kKgQzkUCnQmeTPkyIwHly2t6ZFI.jpg,https://image.tmdb.org/t/p/w500/kF8ljC7Y4p1UsmKBi2LxelZpqw.jpg
259872,Skin. Like. Sun.,"Real-life young couple Wim and Floor spend an afternoon in the sunwashed rooms of a crumbling home in Belgium. In a unique twist, this artistic erotic documentary is edited in nearly real-time. In the slowness, we get the build, the sweetness, and the sexiness. Forget about fingersnapping fast editing. Slow is where it’s at.",2010-02-19,60,Romance,Blue Artichoke Films,0,0,299.557,6.523,22,Released,https://image.tmdb.org/t/p/w500/uCkANtG6ezb7hjRKVudY3PUcbvn.jpg,https://image.tmdb.org/t/p/w500/dzY2ZYyPRbXcw8UOupHK3V5VQYk.jpg
653346,Kingdom of the Planet of the Apes,"Several generations following Caesar's reign, apes – now the dominant species – live harmoniously while humans have been reduced to living in the shadows. As a new tyrannical ape leader builds his empire, one young ape undertakes a harrowing journey that will cause him to question all he's known about the past and to make choices that will define a future for apes and humans alike.",2024-05-08,145,"Science Fiction, Adventure, Action","20th Century Studios, Oddball Entertainment, Jason T. Reed Productions",160000000,397378150,296.47,7.1,3267,Released,https://image.tmdb.org/t/p/w500/gKkl37BQuKTanygYQG1pyYgLVgf.jpg,https://image.tmdb.org/t/p/w500/iHYh4cdO8ylA3W0dUxTDVdyJ5G9.jpg
1355755,An Almost Christmas Story,"A young owl meets a lost little girl in New York City. Together, they try to get home for Christmas.",2024-10-14,24,"Animation, Adventure, Fantasy, Family","Esperanto Filmoj, Titmouse, Maere Studios, Disney Branded Television",0,0,294.025,7.6,28,Released,https://image.tmdb.org/t/p/w500/mQC3nIJ9DQ74t9vFzUjqP8eohgX.jpg,https://image.tmdb.org/t/p/w500/pAJX9KA8fL0ktVVVKNI5GyVfcWZ.jpg
1340602,Las tías,"A mother enters an old home for her autistic daughter's therapy. Unexpectedly, the daughter start speaking but has encountered dark entities from the past seeking payback. The family faces supernatural forces related to the home's history.",2024-08-28,87,Horror,,0,0,293.332,6.8,8,Released,https://image.tmdb.org/t/p/w500/nqheYwq7SyKB5ST7igAia8gqroK.jpg,https://image.tmdb.org/t/p/w500/6A8fEqGNUQ9ZiGcHslZGYzAQNJ7.jpg
1041317,Battle for the Western Front,"Inspired by Canuck WWI flying ace Billy Bishop, two young soldiers crash the front lines in August 1918. With the Allies detained, their platoon must desperately hold out alongside legendary Anishinaabe sniper Francis ""Peggy"" Pegahmagabow.",2022-10-06,90,War,Electric Motion Pictures,1500000,0,291.934,5.65,10,Released,https://image.tmdb.org/t/p/w500/ooHEL3XyLYu3hus5cMnpjeH4e7A.jpg,https://image.tmdb.org/t/p/w500/2QR0OpYzPFG84EswxENqcPuHmP.jpg
976734,Canary Black,"Top level CIA agent Avery Graves is blackmailed by terrorists into betraying her own country to save her kidnapped husband. Cut off from her team, she turns to her underworld contacts to survive and help locate the coveted intelligence that the kidnappers want.",2024-10-10,103,"Action, Thriller, Crime","Anton Capital Entertainment, Sentient Entertainment, Brickell & Broadbridge International, Off The Pier Productions",0,525704,288.229,6.4,283,Released,https://image.tmdb.org/t/p/w500/hhiR6uUbTYYvKoACkdAIQPS5c6f.jpg,https://image.tmdb.org/t/p/w500/5IIFJxwRzmkhczQidIhpoaolpZY.jpg
1167271,Weekend in Taipei,"A former DEA agent and a former undercover operative revisit their romance during a fateful weekend in Taipei, unaware of the dangerous consequences of their past.",2024-09-19,101,"Action, Adventure, Thriller","EuropaCorp, Taipei Film Commission, Kinology",30000000,2826064,287.913,6.1,59,Released,https://image.tmdb.org/t/p/w500/qSc0AUvs8mRy00R9y8QYEHWIAQ9.jpg,https://image.tmdb.org/t/p/w500/fyeyxFzZ3qYqDsaMVYF6sq3pp2n.jpg
1203236,Nutcrackers,"Just as Mike is on the heels of closing the biggest deal of his career, he's pulled away from his bachelor life in the big city to a farm in rural Ohio in order to help his recently orphaned nephews find a new home.",2024-09-05,104,"Comedy, Drama","Rough House Pictures, Red Hour, Rivulet Media",0,0,284.192,5.761,46,Released,https://image.tmdb.org/t/p/w500/yqKKhbaofSHfqHGNYHz9yqSPvYR.jpg,https://image.tmdb.org/t/p/w500/jUYn9ytvxrquviR36OD6n2EqBgW.jpg
1011985,Kung Fu Panda 4,"Po is gearing up to become the spiritual leader of his Valley of Peace, but also needs someone to take his place as Dragon Warrior. As such, he will train a new kung fu practitioner for the spot and will encounter a villain called the Chameleon who conjures villains from the past.",2024-03-02,94,"Animation, Family, Fantasy, Action",DreamWorks Animation,80000000,548040835,281.328,7.1,2742,Released,https://image.tmdb.org/t/p/w500/kDp1vUBnMpe8ak4rjgl3cLELqjU.jpg,https://image.tmdb.org/t/p/w500/4z88bpDf7aqZcYkLDDEIdj8TfZU.jpg
1388232,Jack in Time for Christmas,"Christmas is approaching and Jack Whitehall is racing to get home in time to spend it with his family. Stranded on the other side of the world, he enlists the help of some famous faces and embarks on a far fetched quest across the globe. His cast of celebrity do-gooders includes Jimmy Fallon, Dave Bautista, Rebel Wilson, Tom Davis and Michael Bublé, but will they get him Back In Time For Xmas.",2024-12-02,66,"Comedy, Adventure","Workerbee, Jackpot Productions",0,0,279.817,4.8,9,Released,https://image.tmdb.org/t/p/w500/5j9MxMx24tPuTSTuWMW1eZP1w1M.jpg,https://image.tmdb.org/t/p/w500/tqJL0gNbqeeYHMm1xdtUmZCkG56.jpg
1063877,Don't Move,"A grieving woman in a secluded forest encounters a killer who injects her with a paralytic drug. As her body shuts down, her fight for survival begins.",2024-10-24,92,"Thriller, Horror","Capstone Studios, Hammerstone Studios, Raimi Productions",0,0,275.52,6.4,576,Released,https://image.tmdb.org/t/p/w500/cRDJxdnRb7ikKd6fVJTrGeaL34v.jpg,https://image.tmdb.org/t/p/w500/yGjpT94EoeGQQh1vQ1KEXAQnGoB.jpg
889737,Joker: Folie à Deux,"While struggling with his dual identity, Arthur Fleck not only stumbles upon true love, but also finds the music that's always been inside him.",2024-10-01,138,"Drama, Crime, Thriller","Warner Bros. Pictures, Joint Effort, Domain Entertainment",195000000,206400287,274.774,5.563,1771,Released,https://image.tmdb.org/t/p/w500/aciP8Km0waTLXEYf5ybFK5CSUxl.jpg,https://image.tmdb.org/t/p/w500/uGmYqxh8flqkudioyFtD7IJSHxK.jpg
634649,Spider-Man: No Way Home,"Peter Parker is unmasked and no longer able to separate his normal life from the high-stakes of being a super-hero. When he asks for help from Doctor Strange the stakes become even more dangerous, forcing him to discover what it truly means to be Spider-Man.",2021-12-15,148,"Action, Adventure, Science Fiction","Marvel Studios, Pascal Pictures, Columbia Pictures",200000000,1921847111,274.537,8.0,20183,Released,https://image.tmdb.org/t/p/w500/1g0dhYtq4irTY1GPXvft6k4YLjm.jpg,https://image.tmdb.org/t/p/w500/zD5v1E4joAzFvmAEytt7fM3ivyT.jpg
1287717,Do Not Enter,"Two working class youtubers ‘in the making’ enter an abandoned mansion to get their basketball back, and get lost inside while pranking each other. They record their ‘quick adventure’ with their phones for their audience, and tweak it with a fake phantom appearance to attract more followers to their YouTube channel. When uploaded the video goes viral, so they start a challenge: if the video reaches a certain number of views, they will enter the house again, at night, alone, totally unprotected. As fans react positively, they will do as promised, not only to discover and unveil the true nature of the place and their inhabitants, but to realize they might not be among the living anymore. Which opens a question - how far would you go to be famous?",2024-08-06,80,Horror,"FilmSharks International, Urban Achievers",550000,0,272.385,7.4,86,Released,https://image.tmdb.org/t/p/w500/1iPuEIcybEc9Y6aKJ8BGAnMadFX.jpg,https://image.tmdb.org/t/p/w500/xSQjJiAYiLdpVU20iSDAQisAVJY.jpg
359410,Road House,"Ex-UFC fighter Dalton takes a job as a bouncer at a Florida Keys roadhouse, only to discover that this paradise is not all it seems.",2024-03-08,121,"Action, Thriller","Silver Pictures, Amazon MGM Studios",85000000,0,269.554,6.979,2303,Released,https://image.tmdb.org/t/p/w500/lwPsIgh98Wnpvkr3svkZwlhDrfm.jpg,https://image.tmdb.org/t/p/w500/oe7mWkvYhK4PLRNAVSvonzyUXNy.jpg
1391524,Christmas Is Cancelled,"Newlyweds Lidia and Manuel face their biggest challenge yet when they bring their wildly different families together for Christmas. As clashing personalities spark both hilarity and tension, their relationship hangs in the balance amidst the holiday chaos.",2024-11-29,78,Comedy,,0,0,266.034,7.0,16,Released,https://image.tmdb.org/t/p/w500/cTQIU3kJBPI5BG5WGVnUuU5yAnB.jpg,https://image.tmdb.org/t/p/w500/sKpHZZ56mTjbDBvsegkNEB4nb8l.jpg
1144962,Transmorphers: Mech Beasts,"20 years after the events of Transmorphers, a newer, more advanced species of alien robot descends on a rebuilt Earth, threatening once again to destroy the planet.",2023-06-09,84,"Action, Science Fiction",The Asylum,0,65452,265.58,5.5,30,Released,https://image.tmdb.org/t/p/w500/oqhaffnQqSzdLrYAQA5W4IdAoCX.jpg,https://image.tmdb.org/t/p/w500/tCKWksaQI8XkAQLVou0AlGab5S6.jpg
726139,Project Silence,"Due to sudden deteriorating weather conditions, visibility on the Airport Bridge is severely impaired, leaving people stranded and at risk of the bridge collapsing due to a series of chain collisions and explosions. Amidst the chaos, the canine subjects ""Echo"" from the military experiment ""Project Silence,"" who were being transported in secret, break free, and all human survivors become targets of relentless attacks.",2024-07-11,96,"Action, Thriller, Horror, Science Fiction","Blaad Studios, CJ ENM, CJ ENM Studios, CJ Entertainment",14750000,6283415,260.523,7.048,251,Released,https://image.tmdb.org/t/p/w500/nUKfbKv4RD1YxlsNWd0BwabEf3P.jpg,https://image.tmdb.org/t/p/w500/hPIWQT70wQK6akqfLXByEvr62u0.jpg
1149913,TOGEFILM - Mei Mei,,2023-04-06,0,"Drama, Romance",Kelas Bintang,0,0,257.346,10.0,1,Released,https://image.tmdb.org/t/p/w500/mCJ6shuScPnCh2CS68sPMxGH4UP.jpg,
1142518,Freedom,"Inspired by the true events of one of France's most notorious non-violent robbers, Bruno Sulak, in the 1980s. He led multiple heists, then captured public attention for his many daring escapes from police custody...always to reunite with his beloved lover and accomplice Annie, becoming both France's Public Enemy #1 and an icon of Freedom.",2024-11-01,110,"Action, Romance, Drama","Pitchipoï Productions, Amazon Studios France",0,0,256.528,6.6,72,Released,https://image.tmdb.org/t/p/w500/b2YL2kncIqlcDcqly78AsOPJi6r.jpg,https://image.tmdb.org/t/p/w500/n9Do4rv1Hl3QvQLMmT5w6pBadqq.jpg
592695,Pleasure,"19 year old Linnéa leaves her small town in Sweden and heads for Los Angeles with the aim of becoming the world's next big porn star, but the road to her goal turns out to be bumpier than she imagined.",2021-10-08,108,Drama,"Film i Väst, Flamboyance Films, Lemming Film, Plattform Produktion, SVT, Logical Pictures, Grand Slam Film Production, SF Studios",1800000,393824,256.224,6.223,555,Released,https://image.tmdb.org/t/p/w500/7Z2K08J0WantJHNa0vLTOmii41l.jpg,https://image.tmdb.org/t/p/w500/5tqkP8NNWdteskVBYPRXE6h82ts.jpg
799583,The Ministry of Ungentlemanly Warfare,"During World War II, the British Army assigns a group of competent soldiers to carry out a mission against the Nazi forces behind enemy lines... A true story about a secret British WWII organization – the Special Operations Executive. Founded by Winston Churchill, their irregular warfare against the Germans helped to change the course of the war, and gave birth to modern black operations.",2024-04-18,120,"Action, Comedy, War","Jerry Bruckheimer Films, Black Bear Pictures, Toff Guy Films",60000000,27450915,249.835,7.1,1205,Released,https://image.tmdb.org/t/p/w500/8aF0iAKH9MJMYAZdi0Slg77RYa2.jpg,https://image.tmdb.org/t/p/w500/s5znBQmprDJJ553IMQfwEVlfroH.jpg
